l,o,n,:, ,7,7,.,6,0,3,3
l,a,t,:, ,1,2,.,9,7,6,2
w,e,a,t,h,e,r,:, ,[,{,',i,d,',:, ,8,0,3,",", ,',m,a,i,n,',:, ,',C,l,o,u,d,s,',",", ,',d,e,s,c,r,i,p,t,i,o,n,',:, ,',b,r,o,k,e,n, ,c,l,o,u,d,s,',",", ,',i,c,o,n,',:, ,',0,4,n,',},]
b,a,s,e,:, ,s,t,a,t,i,o,n,s
t,e,m,p,:, ,2,9,4,.,9,5
f,e,e,l,s,_,l,i,k,e,:, ,2,9,5,.,8
t,e,m,p,_,m,i,n,:, ,2,9,4,.,0,5
t,e,m,p,_,m,a,x,:, ,2,9,4,.,9,5
p,r,e,s,s,u,r,e,:, ,1,0,1,2
h,u,m,i,d,i,t,y,:, ,1,0,0
v,i,s,i,b,i,l,i,t,y,:, ,6,0,0,0
w,i,n,d,:, ,{,',s,p,e,e,d,',:, ,4,.,1,2,",", ,',d,e,g,',:, ,2,6,0,}
c,l,o,u,d,s,:, ,{,',a,l,l,',:, ,7,5,}
d,t,:, ,1,6,3,0,9,5,0,4,9,0
t,y,p,e,:, ,1
i,d,:, ,9,2,0,5
c,o,u,n,t,r,y,:, ,I,N
s,u,n,r,i,s,e,:, ,1,6,3,0,8,8,8,7,2,8
s,u,n,s,e,t,:, ,1,6,3,0,9,3,3,0,5,6
t,i,m,e,z,o,n,e,:, ,1,9,8,0,0
i,d,:, ,1,2,7,7,3,3,3
n,a,m,e,:, ,B,e,n,g,a,l,u,r,u
c,o,d,:, ,2,0,0
